Nhu cầu,Hãng CPU,CPU,MAIN,RAM,VGA,Storage,PRICE,LINK SP
Văn phòng,AMD,Ryzen 3 3200G,ASRock A520M/AC,8 GB (1x8GB),Onboard Vega 8,SSD ADATA SU650 256 GB,6.090.000 đ,https://cellphones.com.vn/pc-cps-van-phong-amd-r3-3200g.html
Gaming,Intel,Core i5-14400,MSI Pro H610M-S DDR4,8 GB DDR4 3200MHz,Onboard ,SSD 256 GB,9.990.000 đ,https://cellphones.com.vn/may-tinh-pc-cps-van-phong-intel-i5-gen-14.html
Văn phòng,Intel,Core i3-14100,MSI Pro H610M-S DDR4 (chip H610),8 GB DDR4 3200MHz,Onboard ,SSD 256 GB,7.890.000 đ,https://cellphones.com.vn/may-tinh-pc-cps-van-phong-intel-i3-gen-14.html
Văn phòng,Intel,Core i5-14400,ASRock H610M-HVS/M.2 R2.0,16 GB DDR4 3200MHz,Onboard ,SSD ADATA SU650 256 GB,8.890.000 đ,https://cellphones.com.vn/may-tinh-pc-cps-van-phong-s07.html
Văn phòng,AMD,Ryzen 3 3200G,ASRock A520M/AC,8GB DDR4,Onboard ,SSD 256GB,4.790.000 đ,https://cellphones.com.vn/pc-cps-van-phong-s1-amd.html
Văn phòng,AMD,Ryzen 5 4600G,ASRock A520M/AC,8GB DDR4 3200MHz,Onboard ,SSD 256GB,7.390.000 đ,https://cellphones.com.vn/pc-cps-van-phong-amd-r5-4600g.html
Văn phòng,AMD,Ryzen 3 3200G,ASRock A520M/AC,8GB DDR4 3200MHz,Onboard ,SSD 256GB,7.390.000 đ,https://cellphones.com.vn/may-tinh-pc-cps-van-phong-s06.html
Văn phòng,AMD,Ryzen 3 3200G,ASRock A520M/AC D4,8GB DDR4 3200MHz,Onboard,SSD 256GB,5.790.000 đ,https://cellphones.com.vn/pc-cps-core-work-s320.html
Văn phòng,Intel,Core i5-14400,MSI Pro B760M-E DDR4,16GB DDR4 3200MHz,Onboard,SSD ADATA Legend 710 256GB,10.890.000 đ,https://cellphones.com.vn/pc-cps-core-work-p144.html
Văn phòng,AMD,Ryzen 5 4600G,ASRock A520M/AC D4,8GB DDR4 3200MHz,Onboard,SSD 256GB,6.690.000 đ,https://cellphones.com.vn/pc-cps-core-work-s460.html
Gaming,Intel,Core i7-14700F,ASUS TUF Gaming B760M-Plus WiFi D5,16GB DDR5 5600MHz,Asus Dual RTX 4060 Ti OC 16GB,SSD 500GB,31.990.000 đ,https://cellphones.com.vn/pc-cps-core-work-x147f406t.html
Gaming,Intel,Core i5-14400F,MSI Pro B760M-E DDR4,16GB (2×8GB DDR4 3200MHz),MSI RTX 3050 Ventus 2X 6G OC,SSD Adata Legend 710 256GB,14.690.000 đ,https://cellphones.com.vn/pc-cps-core-work-p144f305.html
Render,Intel,Core i7-14700,ASUS Prime B760M-A DDR4,16GB DDR4 3200MHz,Onboard,SSD 500GB PCIe Gen4,15.890.000 đ,https://cellphones.com.vn/pc-cps-core-work-x147.html
Văn phòng,Intel,Core i7-14700,MSI Pro B760M-E DDR4,16 GB DDR4 3200MHz,Onboard,SSD ADATA SU650 256 GB,13.690.000 đ,https://cellphones.com.vn/may-tinh-pc-cps-van-phong-s08.html
Văn phòng,Intel,Core i3-12100,MSI PRO H610M-S DDR4,8GB DDR4 3200MHz,Onboard,SSD 256GB,7.390.000 đ,https://cellphones.com.vn/pc-cps-core-work-s121.html
Gaming,Intel,Core i7-14700F,MSI PRO B760M-A WiFi DDR4,16GB DDR4 3200MHz,MSI RTX 4060 Ventus 2X 8G OC,SSD 500GB,24.890.000 đ,https://cellphones.com.vn/pc-cps-core-work-x147f406.html
Văn phòng,AMD,Ryzen 7 7700X,ASUS TUF B650M-E WIFI,DDR5 5600 MHz,Onboard (Radeon Graphics),SSD PCIe Gen4 500 GB,17.890.000 đ,https://cellphones.com.vn/pc-cps-core-work-x770.html
Văn phòng,Intel,Core i5-14600K,ASUS Prime B760M-A DDR4,16GB DDR4 3200MHz,Onboard,SSD 256GB,13.090.000 đ,https://cellphones.com.vn/pc-cps-core-work-p146.html
Render,Intel,i5 12400F,MSI Pro H610M-S DDR4,16 GB (2×8GB),ASUS Dual Radeon RX 6500 XT OC 4GB,SSD ADATA Legend 710 PCIe Gen3 256GB,12.290.000 đ,https://cellphones.com.vn/pc-cps-do-hoa-d1.html
Render,Intel,i5 14600KF,MSI PRO B760M-A WIFI DDR4,16 GB,NVIDIA GeForce RTX 3060,SSD ADATA LEGEND 710 PCIe GEN3 512GB,23.490.000 đ,https://cellphones.com.vn/may-tinh-pc-cps-do-hoa-d07.html
Gaming,Intel,i7 14700KF,MSI Z790 Gaming Plus WF,32 GB (2×16 GB) DDR5 5600MHz,ASUS PRIME GeForce RTX 5070 OC 12GB,SSD ADATA Legend 860 PCIe Gen4 1TB,44.990.000 đ,https://cellphones.com.vn/pc-cps-quantum-blaze-5070.html
Gaming,Intel,Core Ultra 9 285K,ASUS ROG STRIX Z890-F,64 GB (2×32) DDR5 6000MHz,ASUS TUF Gaming GeForce RTX 5090 OC 32GB,SSD Kingston SKC3000 PCIe Gen4 2TB,145.990.000 đ,https://cellphones.com.vn/pc-cps-quantum-blaze-5090.html
Render,Intel,i5 14400F,MSI Pro B760M-E DDR4,8 GB,NVIDIA RTX 3050 6GB (MSI Ventus 2X OC),SSD ADATA Legend 710 256 GB,13.990.000 đ,https://cellphones.com.vn/may-tinh-pc-cps-do-hoa-d06.html